[
    {
        "_id": "ObjectId('671a562ff0daa6a6f9df0000')",
        "source": "Delhi",
        "destination": "Tokyo",
        "goodsType": "Electronics",
        "weight": 12.62,
        "shippingDetails": {
            "containerSize": "Large",
            "insurance": "Premium",
            "specialHandling": false
        },
        "vessel": "Vessel B",
        "container": "20-ft Container",
        "shippingCompany": "Company Z",
        "estimatedCost": 2006.04,
        "estimatedTime": "8 days",
        "trackingNumber": "TRK-204133",
        "createdAt": "2024-07-17T01:19:32.387421",
        "V": 0
    },
    {
        "_id": "ObjectId('671a562ff0daa6a6f9df0001')",
        "source": "Ahmedabad",
        "destination": "Berlin",
        "goodsType": "Machinery",
        "weight": 40.77,
        "shippingDetails": {
            "containerSize": "Medium",
            "insurance": "Standard",
            "specialHandling": false
        },
        "vessel": "Vessel A",
        "container": "45-ft Container",
        "shippingCompany": "Company X",
        "estimatedCost": 3938.3,
        "estimatedTime": "16 days",
        "trackingNumber": "TRK-737175",
        "createdAt": "2024-07-27T01:19:32.387450",
        "V": 0
    },
    {
        "_id": "ObjectId('671a562ff0daa6a6f9df0002')",
        "source": "Ahmedabad",
        "destination": "Berlin",
        "goodsType": "Furniture",
        "weight": 57.03,
        "shippingDetails": {
            "containerSize": "Large",
            "insurance": "Premium",
            "specialHandling": true
        },
        "vessel": "Vessel B",
        "container": "40-ft Container",
        "shippingCompany": "Company X",
        "estimatedCost": 4480.41,
        "estimatedTime": "6 days",
        "trackingNumber": "TRK-867763",
        "createdAt": "2024-09-07T01:19:32.387467",
        "V": 0
    },
    {
        "_id": "ObjectId('671a562ff0daa6a6f9df0003')",
        "source": "Ahmedabad",
        "destination": "Paris",
        "goodsType": "Textiles",
        "weight": 36.27,
        "shippingDetails": {
            "containerSize": "Large",
            "insurance": "Standard",
            "specialHandling": false
        },
        "vessel": "Vessel B",
        "container": "20-ft Container",
        "shippingCompany": "Company Y",
        "estimatedCost": 164.89,
        "estimatedTime": "12 days",
        "trackingNumber": "TRK-256232",
        "createdAt": "2024-09-12T01:19:32.387480",
        "V": 0
    },
    {
        "_id": "ObjectId('671a562ff0daa6a6f9df0004')",
        "source": "Delhi",
        "destination": "Toronto",
        "goodsType": "Furniture",
        "weight": 55.2,
        "shippingDetails": {
            "containerSize": "Medium",
            "insurance": "Standard",
            "specialHandling": false
        },
        "vessel": "Vessel C",
        "container": "40-ft Container",
        "shippingCompany": "Company Z",
        "estimatedCost": 3859.4,
        "estimatedTime": "19 days",
        "trackingNumber": "TRK-297429",
        "createdAt": "2024-07-28T01:19:32.387491",
        "V": 0
    },
    {
        "_id": "ObjectId('671a562ff0daa6a6f9df0005')",
        "source": "Chennai",
        "destination": "Berlin",
        "goodsType": "Plastic Products",
        "weight": 15.34,
        "shippingDetails": {
            "containerSize": "Small",
            "insurance": "Premium",
            "specialHandling": true
        },
        "vessel": "Vessel C",
        "container": "40-ft Container",
        "shippingCompany": "Company Z",
        "estimatedCost": 3276.27,
        "estimatedTime": "9 days",
        "trackingNumber": "TRK-679254",
        "createdAt": "2024-09-27T01:19:32.387503",
        "V": 0
    },
    {
        "_id": "ObjectId('671a562ff0daa6a6f9df0006')",
        "source": "Chennai",
        "destination": "London",
        "goodsType": "Plastic Products",
        "weight": 50.01,
        "shippingDetails": {
            "containerSize": "Large",
            "insurance": "Standard",
            "specialHandling": true
        },
        "vessel": "Vessel D",
        "container": "45-ft Container",
        "shippingCompany": "Company Y",
        "estimatedCost": 4507.81,
        "estimatedTime": "6 days",
        "trackingNumber": "TRK-683672",
        "createdAt": "2024-08-26T01:19:32.387513",
        "V": 0
    },
    {
        "_id": "ObjectId('671a562ff0daa6a6f9df0007')",
        "source": "Pune",
        "destination": "Singapore",
        "goodsType": "Furniture",
        "weight": 97.32,
        "shippingDetails": {
            "containerSize": "Large",
            "insurance": "Premium",
            "specialHandling": false
        },
        "vessel": "Vessel A",
        "container": "20-ft Container",
        "shippingCompany": "Company Z",
        "estimatedCost": 3578.88,
        "estimatedTime": "5 days",
        "trackingNumber": "TRK-849657",
        "createdAt": "2024-10-20T01:19:32.387528",
        "V": 0
    },
    {
        "_id": "ObjectId('671a562ff0daa6a6f9df0008')",
        "source": "Jaipur",
        "destination": "Sydney",
        "goodsType": "Machinery",
        "weight": 53.41,
        "shippingDetails": {
            "containerSize": "Small",
            "insurance": "Premium",
            "specialHandling": true
        },
        "vessel": "Vessel A",
        "container": "20-ft Container",
        "shippingCompany": "Company X",
        "estimatedCost": 2583.48,
        "estimatedTime": "8 days",
        "trackingNumber": "TRK-353022",
        "createdAt": "2024-09-29T01:19:32.387540",
        "V": 0
    },
    {
        "_id": "ObjectId('671a562ff0daa6a6f9df0009')",
        "source": "Bangalore",
        "destination": "London",
        "goodsType": "Pharmaceuticals",
        "weight": 24.15,
        "shippingDetails": {
            "containerSize": "Small",
            "insurance": "Standard",
            "specialHandling": true
        },
        "vessel": "Vessel C",
        "container": "45-ft Container",
        "shippingCompany": "Company Z",
        "estimatedCost": 4377.58,
        "estimatedTime": "10 days",
        "trackingNumber": "TRK-648600",
        "createdAt": "2024-09-08T01:19:32.387550",
        "V": 0
    },
    {
        "_id": "ObjectId('671a562ff0daa6a6f9df000a')",
        "source": "Pune",
        "destination": "New York",
        "goodsType": "Machinery",
        "weight": 12.54,
        "shippingDetails": {
            "containerSize": "Medium",
            "insurance": "Premium",
            "specialHandling": true
        },
        "vessel": "Vessel B",
        "container": "45-ft Container",
        "shippingCompany": "Company X",
        "estimatedCost": 821.67,
        "estimatedTime": "11 days",
        "trackingNumber": "TRK-369837",
        "createdAt": "2024-08-02T01:19:32.387560",
        "V": 0
    },
    {
        "_id": "ObjectId('671a562ff0daa6a6f9df000b')",
        "source": "Jaipur",
        "destination": "Toronto",
        "goodsType": "Electronics",
        "weight": 47.08,
        "shippingDetails": {
            "containerSize": "Small",
            "insurance": "Standard",
            "specialHandling": false
        },
        "vessel": "Vessel D",
        "container": "20-ft Container",
        "shippingCompany": "Company Y",
        "estimatedCost": 1033.35,
        "estimatedTime": "16 days",
        "trackingNumber": "TRK-150197",
        "createdAt": "2024-08-26T01:19:32.387572",
        "V": 0
    },
    {
        "_id": "ObjectId('671a562ff0daa6a6f9df000c')",
        "source": "Mumbai",
        "destination": "New York",
        "goodsType": "Machinery",
        "weight": 9.69,
        "shippingDetails": {
            "containerSize": "Large",
            "insurance": "Premium",
            "specialHandling": true
        },
        "vessel": "Vessel A",
        "container": "40-ft Container",
        "shippingCompany": "Company Z",
        "estimatedCost": 2387.04,
        "estimatedTime": "8 days",
        "trackingNumber": "TRK-200411",
        "createdAt": "2024-10-23T01:19:32.387596",
        "V": 0
    },
    {
        "_id": "ObjectId('671a562ff0daa6a6f9df000d')",
        "source": "Kolkata",
        "destination": "Tokyo",
        "goodsType": "Plastic Products",
        "weight": 44.86,
        "shippingDetails": {
            "containerSize": "Large",
            "insurance": "Standard",
            "specialHandling": false
        },
        "vessel": "Vessel B",
        "container": "45-ft Container",
        "shippingCompany": "Company X",
        "estimatedCost": 3571.86,
        "estimatedTime": "11 days",
        "trackingNumber": "TRK-109611",
        "createdAt": "2024-10-16T01:19:32.387607",
        "V": 0
    },
    {
        "_id": "ObjectId('671a562ff0daa6a6f9df000e')",
        "source": "Pune",
        "destination": "Toronto",
        "goodsType": "Chemicals",
        "weight": 35.56,
        "shippingDetails": {
            "containerSize": "Large",
            "insurance": "Standard",
            "specialHandling": false
        },
        "vessel": "Vessel C",
        "container": "20-ft Container",
        "shippingCompany": "Company X",
        "estimatedCost": 4174.43,
        "estimatedTime": "18 days",
        "trackingNumber": "TRK-750982",
        "createdAt": "2024-08-17T01:19:32.387616",
        "V": 0
    },
    {
        "_id": "ObjectId('671a562ff0daa6a6f9df000f')",
        "source": "Hyderabad",
        "destination": "Tokyo",
        "goodsType": "Automobiles",
        "weight": 44.99,
        "shippingDetails": {
            "containerSize": "Medium",
            "insurance": "Standard",
            "specialHandling": false
        },
        "vessel": "Vessel A",
        "container": "40-ft Container",
        "shippingCompany": "Company Z",
        "estimatedCost": 358.2,
        "estimatedTime": "6 days",
        "trackingNumber": "TRK-403243",
        "createdAt": "2024-08-03T01:19:32.387625",
        "V": 0
    },
    {
        "_id": "ObjectId('671a562ff0daa6a6f9df0010')",
        "source": "Jaipur",
        "destination": "Berlin",
        "goodsType": "Pharmaceuticals",
        "weight": 33.73,
        "shippingDetails": {
            "containerSize": "Small",
            "insurance": "Standard",
            "specialHandling": false
        },
        "vessel": "Vessel A",
        "container": "45-ft Container",
        "shippingCompany": "Company Z",
        "estimatedCost": 1026.94,
        "estimatedTime": "20 days",
        "trackingNumber": "TRK-562701",
        "createdAt": "2024-09-05T01:19:32.387642",
        "V": 0
    },
    {
        "_id": "ObjectId('671a562ff0daa6a6f9df0011')",
        "source": "Delhi",
        "destination": "Tokyo",
        "goodsType": "Furniture",
        "weight": 6.69,
        "shippingDetails": {
            "containerSize": "Small",
            "insurance": "Premium",
            "specialHandling": false
        },
        "vessel": "Vessel A",
        "container": "40-ft Container",
        "shippingCompany": "Company Y",
        "estimatedCost": 2558.79,
        "estimatedTime": "19 days",
        "trackingNumber": "TRK-431794",
        "createdAt": "2024-09-09T01:19:32.387660",
        "V": 0
    },
    {
        "_id": "ObjectId('671a562ff0daa6a6f9df0012')",
        "source": "Ahmedabad",
        "destination": "Sydney",
        "goodsType": "Furniture",
        "weight": 70.19,
        "shippingDetails": {
            "containerSize": "Large",
            "insurance": "Premium",
            "specialHandling": false
        },
        "vessel": "Vessel A",
        "container": "45-ft Container",
        "shippingCompany": "Company Z",
        "estimatedCost": 1572.43,
        "estimatedTime": "15 days",
        "trackingNumber": "TRK-129454",
        "createdAt": "2024-10-01T01:19:32.387672",
        "V": 0
    },
    {
        "_id": "ObjectId('671a562ff0daa6a6f9df0013')",
        "source": "Jaipur",
        "destination": "Paris",
        "goodsType": "Chemicals",
        "weight": 86.33,
        "shippingDetails": {
            "containerSize": "Small",
            "insurance": "Standard",
            "specialHandling": true
        },
        "vessel": "Vessel C",
        "container": "40-ft Container",
        "shippingCompany": "Company Y",
        "estimatedCost": 4412.9,
        "estimatedTime": "13 days",
        "trackingNumber": "TRK-311874",
        "createdAt": "2024-10-16T01:19:32.387682",
        "V": 0
    },
    {
        "_id": "ObjectId('671a562ff0daa6a6f9df0014')",
        "source": "Pune",
        "destination": "New York",
        "goodsType": "Automobiles",
        "weight": 90.88,
        "shippingDetails": {
            "containerSize": "Large",
            "insurance": "Standard",
            "specialHandling": false
        },
        "vessel": "Vessel A",
        "container": "45-ft Container",
        "shippingCompany": "Company X",
        "estimatedCost": 578.85,
        "estimatedTime": "5 days",
        "trackingNumber": "TRK-507426",
        "createdAt": "2024-08-17T01:19:32.387690",
        "V": 0
    },
    {
        "_id": "ObjectId('671a562ff0daa6a6f9df0015')",
        "source": "Lucknow",
        "destination": "London",
        "goodsType": "Plastic Products",
        "weight": 55.66,
        "shippingDetails": {
            "containerSize": "Small",
            "insurance": "Standard",
            "specialHandling": false
        },
        "vessel": "Vessel B",
        "container": "45-ft Container",
        "shippingCompany": "Company Z",
        "estimatedCost": 1705.52,
        "estimatedTime": "14 days",
        "trackingNumber": "TRK-855691",
        "createdAt": "2024-08-04T01:19:32.387703",
        "V": 0
    },
    {
        "_id": "ObjectId('671a562ff0daa6a6f9df0016')",
        "source": "Kolkata",
        "destination": "Dubai",
        "goodsType": "Textiles",
        "weight": 79.41,
        "shippingDetails": {
            "containerSize": "Large",
            "insurance": "Premium",
            "specialHandling": true
        },
        "vessel": "Vessel D",
        "container": "20-ft Container",
        "shippingCompany": "Company Y",
        "estimatedCost": 2852.55,
        "estimatedTime": "15 days",
        "trackingNumber": "TRK-647291",
        "createdAt": "2024-08-11T01:19:32.387712",
        "V": 0
    },
    {
        "_id": "ObjectId('671a562ff0daa6a6f9df0017')",
        "source": "Ahmedabad",
        "destination": "Los Angeles",
        "goodsType": "Electronics",
        "weight": 79.81,
        "shippingDetails": {
            "containerSize": "Large",
            "insurance": "Premium",
            "specialHandling": true
        },
        "vessel": "Vessel B",
        "container": "40-ft Container",
        "shippingCompany": "Company X",
        "estimatedCost": 3492.92,
        "estimatedTime": "12 days",
        "trackingNumber": "TRK-324588",
        "createdAt": "2024-08-09T01:19:32.387722",
        "V": 0
    },
    {
        "_id": "ObjectId('671a562ff0daa6a6f9df0018')",
        "source": "Chennai",
        "destination": "Berlin",
        "goodsType": "Automobiles",
        "weight": 50.18,
        "shippingDetails": {
            "containerSize": "Small",
            "insurance": "Standard",
            "specialHandling": false
        },
        "vessel": "Vessel C",
        "container": "45-ft Container",
        "shippingCompany": "Company X",
        "estimatedCost": 4732.83,
        "estimatedTime": "13 days",
        "trackingNumber": "TRK-784265",
        "createdAt": "2024-09-04T01:19:32.387730",
        "V": 0
    }
]